name,logo
Amazon,https://media.licdn.com/dms/image/v2/C560BAQHTvZwCx4p2Qg/company-logo_100_100/company-logo_100_100/0/1630640869849/amazon_logo?e=1737590400&v=beta&t=SDAznfKWVbhZwKEb02_jfXp6TvJZZUaal5_he4EyUfQ
Microsoft,https://media.licdn.com/dms/image/v2/C560BAQE88xCsONDULQ/company-logo_100_100/company-logo_100_100/0/1630652622688/microsoft_logo?e=1737590400&v=beta&t=a5BfYMPshbXnoxiHk30Wl0sC4qhcQk7-W9RQlCJo1ug
Apple,https://media.licdn.com/dms/image/v2/C560BAQHdAaarsO-eyA/company-logo_100_100/company-logo_100_100/0/1630637844948/apple_logo?e=1737590400&v=beta&t=f89A6-JCbqeUu19rEqWKf0gQzWI9CWhWsVpHCoI9i48
IBM,https://media.licdn.com/dms/image/v2/D560BAQGiz5ecgpCtkA/company-logo_100_100/company-logo_100_100/0/1688684715866/ibm_logo?e=1737590400&v=beta&t=zu87Zrft0v0EmjTUwuSu_lp9KmUcTVe6p63JebbMjXA
Stanford University,https://media.licdn.com/dms/image/v2/C560BAQHr9suxyJBXMw/company-logo_100_100/company-logo_100_100/0/1635534378870/stanford_university_logo?e=1737590400&v=beta&t=SIks2BZRKSVJQWnhz_uy0cgqV-Bn0wtGQw0XUIaOF3E
Walmart,https://media.licdn.com/dms/image/v2/C560BAQE4Th_qgWovfg/company-logo_100_100/company-logo_100_100/0/1655487552700/walmart_logo?e=1737590400&v=beta&t=H0gQ_l-gFGBCz1Vu3m4WLNjLlcJfPbD-ApzJfG8WO48
Google,https://media.licdn.com/dms/image/v2/C4D0BAQHiNSL4Or29cg/company-logo_100_100/company-logo_100_100/0/1631311446380?e=1737590400&v=beta&t=ngvPgSJ8bXSNCHJI7yPJ1lPy-6xzgaRZd-iSaeVP61s
LinkedIn,https://media.licdn.com/dms/image/v2/C560BAQHaVYd13rRz3A/company-logo_100_100/company-logo_100_100/0/1638831590218/linkedin_logo?e=1737590400&v=beta&t=aiR6j_5ng7JJ6AAVvEy0nLUniaCQbB0LyIq0Vnp02e4
Dell Technologies,https://media.licdn.com/dms/image/v2/D560BAQGKdw9DkNctbQ/company-logo_100_100/company-logo_100_100/0/1725894975812/delltechnologies_logo?e=1737590400&v=beta&t=caFdxktH-VzxG6WJQz2QfL8YbihAuM5oiKynEA2wz68
ExxonMobil,https://media.licdn.com/dms/image/v2/C4D0BAQE_IRWZ2qVHpw/company-logo_100_100/company-logo_100_100/0/1631303598129?e=1737590400&v=beta&t=HHEUVe3LyWFvJGugvS9V5HgXDRuwamL_bl0iObR-8xM
PepsiCo,https://media.licdn.com/dms/image/v2/C4E0BAQES6SfNFl84wA/company-logo_100_100/company-logo_100_100/0/1679328336145/pepsico_logo?e=1737590400&v=beta&t=r7ogzHuASu4EQm6pP1BU4Os44jjewmNkSpMTx0fx5vQ
Citi,https://media.licdn.com/dms/image/v2/D4E0BAQFgF4xtqyXBcg/company-logo_100_100/company-logo_100_100/0/1719257286385/citi_logo?e=1737590400&v=beta&t=egrWToeC1NWY-vNz7XyGwpDD6brOXZTeWpwXTJbguH8
Oracle,https://media.licdn.com/dms/image/v2/D4E0BAQHYCgYovUuPtQ/company-logo_100_100/company-logo_100_100/0/1665755678957/oracle_logo?e=1737590400&v=beta&t=2YZ9M44m0MMS1zRcH9MEd0yr07TLkjyrotlI7t0xs34
Pfizer,https://media.licdn.com/dms/image/v2/D4D0BAQGUWkaCJOWLdA/company-logo_100_100/company-logo_100_100/0/1720685515776/pfizer_logo?e=1737590400&v=beta&t=vRohUwQZif6A2F9aB5yRbso2fj08vHHDclRHu2j0JpA
Boeing,https://media.licdn.com/dms/image/v2/D560BAQG8NhuAoYdTgw/company-logo_100_100/company-logo_100_100/0/1708109812925/boeing_logo?e=1737590400&v=beta&t=LAhlwxW5duQp9F0zHR8jSBnmzmLqBRTz54EoxMgGKZ4
The Walt Disney Company,https://media.licdn.com/dms/image/v2/D4E0BAQHScKuaJ_0-WA/company-logo_100_100/company-logo_100_100/0/1712695425017/the_walt_disney_company_logo?e=1737590400&v=beta&t=6hAbCq4uP9UJHMSCLAUFwMy1Og9-c7GgwHaDF3lpnLM
HP,https://media.licdn.com/dms/image/v2/D560BAQFnbsxkkHSLSw/company-logo_100_100/company-logo_100_100/0/1719847190456/hp_logo?e=1737590400&v=beta&t=g7ak1TKqCtrX0x1ZmUP3Kw75fLdvV6ehhZfc9JE8mzE
TED Conferences,https://media.licdn.com/dms/image/v2/C4E0BAQFDYasy3Lvq9Q/company-logo_100_100/company-logo_100_100/0/1675197543507/ted_conferences_logo?e=1737590400&v=beta&t=do905O-_AD1z5HH2-RVQK3He97a-VOuIFWVCvnqzHyI
LinkedIn Guide to Networking,https://media.licdn.com/dms/image/v2/C560BAQGoCnyxrg-bww/company-logo_100_100/company-logo_100_100/0/1630563741668/linkedin_member_guide_logo?e=1737590400&v=beta&t=gkwYZqGVxLdFw9SxD1OOxtBV62AP0KEylCGfaM4qZq4
LinkedIn News,https://media.licdn.com/dms/image/v2/C4E0BAQHcgw1ektoWNw/company-logo_100_100/company-logo_100_100/0/1630643541065/linkedin_news_logo?e=1737590400&v=beta&t=Q-IUvcOS3UOPNZAhMCLhwvvXuMp5KFpPNKjgdqy64-g
GE,https://media.licdn.com/dms/image/v2/D4E0BAQHNSdSY_UJ_rg/company-logo_100_100/company-logo_100_100/0/1688184041602/ge_logo?e=1737590400&v=beta&t=a356GwiZEGa33hcyC4lixhdoWzJf3e1Ry_vgEhG-QB0
Goldman Sachs,https://media.licdn.com/dms/image/v2/D4E0BAQG9L7InIQVZrQ/company-logo_100_100/company-logo_100_100/0/1722506756452/goldman_sachs_logo?e=1737590400&v=beta&t=r5hwuHs7n3tQuvKBDhpsSILaF7FmNQs2GBkQU47m3Pg
Ford Motor Company,https://media.licdn.com/dms/image/v2/C560BAQHZnQf3t8fKKg/company-logo_100_100/company-logo_100_100/0/1630670609155/ford_motor_company_logo?e=1737590400&v=beta&t=UZ053jXmkcb5oDByJ0CV7rmEyBlcvkIqjSFM0BL-LUU
Chevron,https://media.licdn.com/dms/image/v2/C560BAQFIzPIYfEdWdw/company-logo_100_100/company-logo_100_100/0/1630597725146/chevron_logo?e=1737590400&v=beta&t=nU69fK8_fEgacz-3YaO15MnOE2PG9UXm-w1tNzdh87U
Verizon,https://media.licdn.com/dms/image/v2/D4E0BAQFcVBjsbfJrBQ/company-logo_100_100/company-logo_100_100/0/1719399854965/verizon_logo?e=1737590400&v=beta&t=qPTahpQMcK81mu2tNriEXI7sRQJu5K5h6237PHEZkOQ
Cisco,https://media.licdn.com/dms/image/v2/D560BAQEtoQW10RlJSw/company-logo_100_100/company-logo_100_100/0/1728669425037/cisco_logo?e=1737590400&v=beta&t=Rbm96r0dttZb39_fXbdIdNXsljJyHE4--2jMXHny5SQ
Meta,https://media.licdn.com/dms/image/v2/C4E0BAQFdNatYGiBelg/company-logo_100_100/company-logo_100_100/0/1636138754252/facebook_logo?e=1737590400&v=beta&t=JoCOJ7Sb8EegWKbe1QRqwKAGGJkLXxWIe_bf3ah-jjQ
Forbes,https://media.licdn.com/dms/image/v2/D4E0BAQF67bPz45hiLw/company-logo_100_100/company-logo_100_100/0/1696813943410/forbes_magazine_logo?e=1737590400&v=beta&t=TUROlkxcqHfaB-ryJnbShB0fbasWQxLulDTn6C0Vf40
General Motors,https://media.licdn.com/dms/image/v2/C4D0BAQGi5bqIMQIO6g/company-logo_100_100/company-logo_100_100/0/1644857989078/general_motors_logo?e=1737590400&v=beta&t=YVxEbL6qbMDE7uqxcq1C8GcmPBDHFp24smTDvaAhF6w
Johnson & Johnson,https://media.licdn.com/dms/image/v2/D4E0BAQFuqNYNGYIxzg/company-logo_100_100/company-logo_100_100/0/1694701608948/johnson__johnson_logo?e=1737590400&v=beta&t=2AMQeDW8d8YxFb5zXidJjujKMw3HckIRhOOuY1qCPg0
Procter & Gamble,https://media.licdn.com/dms/image/v2/C4D0BAQGGCd-fMXfRWw/company-logo_100_100/company-logo_100_100/0/1661448432247/procter_and_gamble_logo?e=1737590400&v=beta&t=N5ofzhUnqLAfKLLPrmeUiLwc5kQKYP6imf8UFDyoO4w
Shell,https://media.licdn.com/dms/image/v2/C4D0BAQGN30g7aSl4NA/company-logo_100_100/company-logo_100_100/0/1631303787196?e=1737590400&v=beta&t=slKyFjaFnUEOXOJgAOdI7fxCPbMIY0IfBO_069bTvzE
Unilever,https://media.licdn.com/dms/image/v2/C4E0BAQF6TJKa56uLAg/company-logo_100_100/company-logo_100_100/0/1663661971310/unilever_logo?e=1737590400&v=beta&t=onpLYYb2BnvqFmgQNkZ84JPF9PquajSB5BN-xzsF6VI
Tesla,https://media.licdn.com/dms/image/v2/C4D0BAQHUcu98SZ2TVw/company-logo_100_100/company-logo_100_100/0/1630576446368/tesla_motors_logo?e=1737590400&v=beta&t=fXGk6ASJw5ivbnmfc85AGoxe7gZKjki7_Yfb9QHrGms
Lockheed Martin,https://media.licdn.com/dms/image/v2/C4E0BAQHF1YKEZdN4LA/company-logo_100_100/company-logo_100_100/0/1668532986109/lockheed_martin_logo?e=1737590400&v=beta&t=0_dlTEI7UgCFzMQiZ47P_cWiQ-FXfGttGWZlWH-P9xY
Abbott,https://media.licdn.com/dms/image/v2/C560BAQGpGXPy6iJfsw/company-logo_100_100/company-logo_100_100/0/1657315785276/abbott__logo?e=1737590400&v=beta&t=SLTxa9EeZmiYdiNjfIgVrUHkRBn6XNL0fFpzJ1KC80M
Target,https://media.licdn.com/dms/image/v2/C4E0BAQGUjozudTh0yg/company-logo_100_100/company-logo_100_100/0/1631307593526?e=1737590400&v=beta&t=vxldkD5rN8eTMKLUB3MvBQGdJVXiiHOt7v8Xbyre2Yw
Netflix,https://media.licdn.com/dms/image/v2/C4E0BAQEVb0ZISWk8vQ/company-logo_100_100/company-logo_100_100/0/1631355051964?e=1737590400&v=beta&t=97A-iJaZ9K8VuX27R3aNW9LUq-A-EHFNaALzzLP-lhI
Business Insider,https://media.licdn.com/dms/image/v2/D4E0BAQH5XQv8BsAq5w/company-logo_100_100/company-logo_100_100/0/1699965585156/insiderbusiness_logo?e=1737590400&v=beta&t=o4D5AkY8wbIKkz-6QmGfbTJWB4AtvTZY-FEi9723hBk
Hewlett Packard Enterprise,https://media.licdn.com/dms/image/v2/C4E0BAQH6qdm7VJ5BPA/company-logo_100_100/company-logo_100_100/0/1630642519868/hewlett_packard_enterprise_logo?e=1737590400&v=beta&t=wUb7gcoZHw3Dzr3c07g76qRATgqdyEuf5199Xtt-V1A
UPS,https://media.licdn.com/dms/image/v2/C4D0BAQFX6tdg3bkrBQ/company-logo_100_100/company-logo_100_100/0/1630543904509/ups_logo?e=1737590400&v=beta&t=RXXzhZ4XCWhbQlXc069PD5BxqYjPPYZNzNeFiFWhAdY
Amazon Web Services (AWS),https://media.licdn.com/dms/image/v2/C560BAQER_QnUTXrPJw/company-logo_100_100/company-logo_100_100/0/1670264051233/amazon_web_services_logo?e=1737590400&v=beta&t=354bj7gCtJWOLFZV5oD5s_wx-RttZUA6QP1Rijp7cnU
AT&T,https://media.licdn.com/dms/image/v2/C560BAQE6Wr9RUG3OuA/company-logo_100_100/company-logo_100_100/0/1631399436556/att_logo?e=1737590400&v=beta&t=yUqmeEAX8mjbtpMJHLplUMXzNyr9xze_cFHTYY8akSQ
The Wall Street Journal,https://media.licdn.com/dms/image/v2/C4D0BAQErTDc9V8YLdg/company-logo_100_100/company-logo_100_100/0/1630536546293/the_wall_street_journal_logo?e=1737590400&v=beta&t=faMbPJ4ROFRoMJtyPbwpsxF0stm7JwyVZO3NbzY2syg
Salesforce,https://media.licdn.com/dms/image/v2/C560BAQHZ9xYomLW7zg/company-logo_100_100/company-logo_100_100/0/1630658255326/salesforce_logo?e=1737590400&v=beta&t=01TkuK5IjPJ9c3NS6_Y-SxNWwj0-neN51KuDpDFM1Bg
Bank of America,https://media.licdn.com/dms/image/v2/C4D0BAQEL1rI2h3XGxg/company-logo_100_100/company-logo_100_100/0/1676325271208/bank_of_america_logo?e=1737590400&v=beta&t=EEZ-fRexM-rG3Z38HIIjtUL03HuCAEgy2id66XpqdsM
Wells Fargo,https://media.licdn.com/dms/image/v2/C4D0BAQGLxWPpGqaVmw/company-logo_100_100/company-logo_100_100/0/1630471638964/wellsfargo_logo?e=1737590400&v=beta&t=pzLsOltbENFh-dEfhpplsfC1bmb6mc_KlHQglC9Sofg
FedEx,https://media.licdn.com/dms/image/v2/D4E0BAQGD5YgN_Px5rA/company-logo_100_100/company-logo_100_100/0/1706893081795/fedex_logo?e=1737590400&v=beta&t=jcu_41xorFZCfiVmNXQ2KyurGuQ38o3Y7Us1BZiGIiY
Adobe,https://media.licdn.com/dms/image/v2/C560BAQFrtK-ioO1rsQ/company-logo_100_100/company-logo_100_100/0/1630645864762/adobe_logo?e=1737590400&v=beta&t=kOOi444U_vVpSMuNielA1WvQw2Rp6pDjkzN_5FLmtIQ
Cognizant,https://media.licdn.com/dms/image/v2/D4E0BAQHjkUYrDIUKYA/company-logo_100_100/company-logo_100_100/0/1719839886088/cognizant_logo?e=1737590400&v=beta&t=DSiYYsTFdp2Z4xtZDKtK0JEXc7o6Y5aUjCfpQhUD65c
Amazon,https://media.licdn.com/dms/image/v2/C560BAQHTvZwCx4p2Qg/company-logo_100_100/company-logo_100_100/0/1630640869849/amazon_logo?e=1737590400&v=beta&t=SDAznfKWVbhZwKEb02_jfXp6TvJZZUaal5_he4EyUfQ
Microsoft,https://media.licdn.com/dms/image/v2/C560BAQE88xCsONDULQ/company-logo_100_100/company-logo_100_100/0/1630652622688/microsoft_logo?e=1737590400&v=beta&t=a5BfYMPshbXnoxiHk30Wl0sC4qhcQk7-W9RQlCJo1ug
Google,https://media.licdn.com/dms/image/v2/C4D0BAQHiNSL4Or29cg/company-logo_100_100/company-logo_100_100/0/1631311446380?e=1737590400&v=beta&t=ngvPgSJ8bXSNCHJI7yPJ1lPy-6xzgaRZd-iSaeVP61s
LinkedIn,https://media.licdn.com/dms/image/v2/C560BAQHaVYd13rRz3A/company-logo_100_100/company-logo_100_100/0/1638831590218/linkedin_logo?e=1737590400&v=beta&t=aiR6j_5ng7JJ6AAVvEy0nLUniaCQbB0LyIq0Vnp02e4
Palantir Technologies,https://media.licdn.com/dms/image/v2/C4D0BAQGxa0XGCRty6A/company-logo_100_100/company-logo_100_100/0/1644957302590/palantir_technologies_logo?e=1737590400&v=beta&t=846BhpUbD7f4qJf9Fbll8yZcfBmjX1rLt4NK0oSHdSc
TED Conferences,https://media.licdn.com/dms/image/v2/C4E0BAQFDYasy3Lvq9Q/company-logo_100_100/company-logo_100_100/0/1675197543507/ted_conferences_logo?e=1737590400&v=beta&t=do905O-_AD1z5HH2-RVQK3He97a-VOuIFWVCvnqzHyI
LinkedIn Guide to Networking,https://media.licdn.com/dms/image/v2/C560BAQGoCnyxrg-bww/company-logo_100_100/company-logo_100_100/0/1630563741668/linkedin_member_guide_logo?e=1737590400&v=beta&t=gkwYZqGVxLdFw9SxD1OOxtBV62AP0KEylCGfaM4qZq4
LinkedIn News,https://media.licdn.com/dms/image/v2/C4E0BAQHcgw1ektoWNw/company-logo_100_100/company-logo_100_100/0/1630643541065/linkedin_news_logo?e=1737590400&v=beta&t=Q-IUvcOS3UOPNZAhMCLhwvvXuMp5KFpPNKjgdqy64-g
Cisco,https://media.licdn.com/dms/image/v2/D560BAQEtoQW10RlJSw/company-logo_100_100/company-logo_100_100/0/1728669425037/cisco_logo?e=1737590400&v=beta&t=Rbm96r0dttZb39_fXbdIdNXsljJyHE4--2jMXHny5SQ
Meta,https://media.licdn.com/dms/image/v2/C4E0BAQFdNatYGiBelg/company-logo_100_100/company-logo_100_100/0/1636138754252/facebook_logo?e=1737590400&v=beta&t=JoCOJ7Sb8EegWKbe1QRqwKAGGJkLXxWIe_bf3ah-jjQ
Forbes,https://media.licdn.com/dms/image/v2/D4E0BAQF67bPz45hiLw/company-logo_100_100/company-logo_100_100/0/1696813943410/forbes_magazine_logo?e=1737590400&v=beta&t=TUROlkxcqHfaB-ryJnbShB0fbasWQxLulDTn6C0Vf40
Business Insider,https://media.licdn.com/dms/image/v2/D4E0BAQH5XQv8BsAq5w/company-logo_100_100/company-logo_100_100/0/1699965585156/insiderbusiness_logo?e=1737590400&v=beta&t=o4D5AkY8wbIKkz-6QmGfbTJWB4AtvTZY-FEi9723hBk
AT&T,https://media.licdn.com/dms/image/v2/C560BAQE6Wr9RUG3OuA/company-logo_100_100/company-logo_100_100/0/1631399436556/att_logo?e=1737590400&v=beta&t=yUqmeEAX8mjbtpMJHLplUMXzNyr9xze_cFHTYY8akSQ
The Wall Street Journal,https://media.licdn.com/dms/image/v2/C4D0BAQErTDc9V8YLdg/company-logo_100_100/company-logo_100_100/0/1630536546293/the_wall_street_journal_logo?e=1737590400&v=beta&t=faMbPJ4ROFRoMJtyPbwpsxF0stm7JwyVZO3NbzY2syg
Salesforce,https://media.licdn.com/dms/image/v2/C560BAQHZ9xYomLW7zg/company-logo_100_100/company-logo_100_100/0/1630658255326/salesforce_logo?e=1737590400&v=beta&t=01TkuK5IjPJ9c3NS6_Y-SxNWwj0-neN51KuDpDFM1Bg
Adobe,https://media.licdn.com/dms/image/v2/C560BAQFrtK-ioO1rsQ/company-logo_100_100/company-logo_100_100/0/1630645864762/adobe_logo?e=1737590400&v=beta&t=kOOi444U_vVpSMuNielA1WvQw2Rp6pDjkzN_5FLmtIQ
GitHub,https://media.licdn.com/dms/image/v2/C560BAQFmuLSyL1nlPA/company-logo_100_100/company-logo_100_100/0/1678231359044/github_logo?e=1737590400&v=beta&t=XigG5Bta5zdazelO-vONDjS9JU7OgksZEd2bAO1evNU
The New York Times,https://media.licdn.com/dms/image/v2/C560BAQEp-f9Ptu2yVQ/company-logo_100_100/company-logo_100_100/0/1631319717018?e=1737590400&v=beta&t=s6SmC2GFvXDCwTfQh_VffQwF1ulmNLPgVfk_TyoY2tY
Upwork,https://media.licdn.com/dms/image/v2/D560BAQFHVb6ZSCipCw/company-logo_100_100/company-logo_100_100/0/1727104517379/upwork_logo?e=1737590400&v=beta&t=Qy3wzWMu1ErYtxyhZkEgdMe_f1YMUdPGRe_GywYbXHk
Comcast,https://media.licdn.com/dms/image/v2/D4E0BAQEZqcKKlfKeXQ/company-logo_100_100/company-logo_100_100/0/1710183636200/comcast_logo?e=1737590400&v=beta&t=BErvk2NmNB-2e9VOKJAIR1ir47ixnmZ9dN6Fi_tR4TM
Huawei,https://media.licdn.com/dms/image/v2/C510BAQEtZ01_ey5nIA/company-logo_100_100/company-logo_100_100/0/1630625880354/huawei_logo?e=1737590400&v=beta&t=kz_dWDLCfzkPpVCexSpv50Ef6wH8NO6cFpGPQZ9GDrQ
Harvard Business Review,https://media.licdn.com/dms/image/v2/C560BAQEulgTy-dwxxg/company-logo_100_100/company-logo_100_100/0/1630574871145/harvard_business_review_logo?e=1737590400&v=beta&t=S2MR7u9dRLCeh8-wZkz_rPbihGUJ_kquNTvN7BBO-F4
Generative AI,https://media.licdn.com/dms/image/v2/D4D0BAQFH3XFaatOOPA/company-logo_100_100/company-logo_100_100/0/1712666342227/genai_works_logo?e=1737590400&v=beta&t=ka-mgPHlLUYJw33juFk9cd3ym8XuDK-x-TJMhPpVqns
Bloomberg News,https://media.licdn.com/dms/image/v2/C560BAQEYf7fE2rX5_A/company-logo_100_100/company-logo_100_100/0/1677880180843/bloomberg_news_logo?e=1737590400&v=beta&t=eOssoHEncGUm-LYoDsQEc9eb_17FxSjuWM0sx3PWEVw
Google Cloud,https://media.licdn.com/dms/image/v2/C560BAQFIFLR7jxm2lg/company-logo_100_100/company-logo_100_100/0/1630644546845/google_cloud_logo?e=1737590400&v=beta&t=BMOxAJ3v0DLPRwbGjftw3kKCi8l0q96fGw2abWW7QuA
Fiverr,https://media.licdn.com/dms/image/v2/C4D0BAQFHz9agyy675A/company-logo_100_100/company-logo_100_100/0/1635337455615/fiverr_com_logo?e=1737590400&v=beta&t=AFjICUJOw4Vx4AYJvSS-8CSVIZYlxsHBqrW31RlnkhM
Uber,https://media.licdn.com/dms/image/v2/C4D0BAQFiYnR1Mbtxdg/company-logo_100_100/company-logo_100_100/0/1630552741617/uber_com_logo?e=1737590400&v=beta&t=ovKsiASJ-XZ-FLQI_KGj6cnb7Q7SChnipxyfcSBOnJA
Entrepreneur Media,https://media.licdn.com/dms/image/v2/D4E0BAQE4UgAD7r0UpA/company-logo_100_100/company-logo_100_100/0/1705612322595/entrepreneur_media_logo?e=1737590400&v=beta&t=3jmqjXXTNBOwsBR0mWi92Cr785RxwKpeM_U-7X0_L4A
SLB,https://media.licdn.com/dms/image/v2/D560BAQFwhnoORL25KA/company-logo_100_100/company-logo_100_100/0/1666604496648/slbdigital_logo?e=1737590400&v=beta&t=unkBtzJ8q2AmNa_IFnIu85TJaNB95zqw9gYr_pcrsC8
"Insider, Inc.",https://media.licdn.com/dms/image/v2/D4E0BAQERzBovkSLf0g/company-logo_100_100/company-logo_100_100/0/1725892514587/insider_inc_logo?e=1737590400&v=beta&t=PFSslm8ypdgyX7MizzDsJctqqvmxQ2YNiO1x59ygElc
CNN,https://media.licdn.com/dms/image/v2/C4D0BAQEHgYOkitwp1w/company-logo_100_100/company-logo_100_100/0/1631315246531?e=1737590400&v=beta&t=afTXLb1e_1FWPq2b_5IoGTF4Dntazt1PaeJs9TWX1yQ
CNBC,https://media.licdn.com/dms/image/v2/D4E0BAQGhTt03d9EW0w/company-logo_100_100/company-logo_100_100/0/1729250832732/cnbc_logo?e=1737590400&v=beta&t=nJbYmUi-njnX1yXoOyJcMYlLmMIH0e7lolgIkDVyTJM
TechCrunch,https://media.licdn.com/dms/image/v2/C560BAQEeAGfIE7wntw/company-logo_100_100/company-logo_100_100/0/1631309596840?e=1737590400&v=beta&t=yCC9C5VQmZXj_a2O-Wdl9525nqddCAdAzoPnh8FePvU
YouTube,https://media.licdn.com/dms/image/v2/C4D0BAQEfoRsyU4yUzg/company-logo_100_100/company-logo_100_100/0/1631053379845/youtube_logo?e=1737590400&v=beta&t=iSlXzIkyjcgZfGp0swBHMKvZ2wRCtZf-BMBNwzj1RNU
SAP,https://media.licdn.com/dms/image/v2/D560BAQGmwwo0aq4jVA/company-logo_100_100/company-logo_100_100/0/1723034255614/sap_logo?e=1737590400&v=beta&t=Wy7vNLHcq3-OrxhaOwqFwfd3hpYER-SXHTV5-3Qjxnk
TIME,https://media.licdn.com/dms/image/v2/C4E0BAQGOq0SlHwj8kg/company-logo_100_100/company-logo_100_100/0/1677855722638/time_logo?e=1737590400&v=beta&t=Qxk-m3jXnH4c32ijt9lcctvz8WT-Z9j4OVF2TyUVAzA
Red Hat,https://media.licdn.com/dms/image/v2/C4E0BAQEto-TydTTIfQ/company-logo_100_100/company-logo_100_100/0/1630583759577/red_hat_logo?e=1737590400&v=beta&t=gH80mLrcLULidBgJKXYPG5IuVUr7jvYWyHEdMg-q3-A
Interesting Engineering,https://media.licdn.com/dms/image/v2/C4E0BAQHN9kUtNX_kNw/company-logo_100_100/company-logo_100_100/0/1635165896390?e=1737590400&v=beta&t=BZ6JCrYMj5tk25OgKqwarrFvp5xwqaGb18FcEFe1qek
Gartner,https://media.licdn.com/dms/image/v2/C4D0BAQGyRzbB8_BYkg/company-logo_100_100/company-logo_100_100/0/1630549760241/gartner_logo?e=1737590400&v=beta&t=rzd1WnuKYnPaHNkKY3EgMHPCvQjVN1eBSY-LUm4hcWo
Workday,https://media.licdn.com/dms/image/v2/D560BAQEjMT_oDmDKgA/company-logo_100_100/company-logo_100_100/0/1719869088457?e=1737590400&v=beta&t=McDqcPLM7uMkxYZrrBOC9yHrAH8BKBx9pQ5f6tsiwGI
ServiceNow,https://media.licdn.com/dms/image/v2/C560BAQEuzVBzTq8wqA/company-logo_100_100/company-logo_100_100/0/1642492124118/servicenow_logo?e=1737590400&v=beta&t=aT6CZL5TU65xRtWujICe_NW9xDpfJlXfFBYFP5JZHog
Nielsen,https://media.licdn.com/dms/image/v2/C4E0BAQFKa_ObftR_8w/company-logo_100_100/company-logo_100_100/0/1634555714141/nielsen_logo?e=1737590400&v=beta&t=ZINR-EtXKO6P8DIRSFjc5AhXFUi1GhPR1LFf1wBv1nE
The Economist,https://media.licdn.com/dms/image/v2/D560BAQFZUavdWG_s-g/company-logo_100_100/company-logo_100_100/0/1729261218803/the_economist_logo?e=1737590400&v=beta&t=6y5vqmxYPru6ey2TxLsFhZcVIzriZzWWOsbYkgAGVgc
Airbnb,https://media.licdn.com/dms/image/v2/C560BAQFhfl32crIGIw/company-logo_100_100/company-logo_100_100/0/1630637496980/airbnb_logo?e=1737590400&v=beta&t=e2mOdM3thYTT-SokDJplXoOu8RuvDMXBnUm0aWe5wYI
Fortune,https://media.licdn.com/dms/image/v2/D4E0BAQGbzeqKbqy8Qw/company-logo_100_100/company-logo_100_100/0/1707171899185/fortune_logo?e=1737590400&v=beta&t=J2wRNKd8DU7pS4PkTIgmmtXNjM34oV80uYCXqqPisCg
Google for Developers,https://media.licdn.com/dms/image/v2/D4E0BAQEP-GpBjUi_iA/company-logo_100_100/company-logo_100_100/0/1719847719138/googledevelopers_logo?e=1737590400&v=beta&t=E530QB06QqynmGpc4ShuHRDmC9Y-jc3WL3mGb99XMaE
DeepLearning.AI,https://media.licdn.com/dms/image/v2/C560BAQEHKffoI8RwIQ/company-logo_100_100/company-logo_100_100/0/1630672537710/deeplearningai_logo?e=1737590400&v=beta&t=eJaL3NyULfOZYA6w5I0tTG3kmfuOf75fUOJzL7vyE6k
WIRED,https://media.licdn.com/dms/image/v2/C4E0BAQHD1h2ctwCoLg/company-logo_100_100/company-logo_100_100/0/1630605710063/wired_logo?e=1737590400&v=beta&t=KSiOXDJiGFS4ExGyAMEzoxVukFMEv8oblBfsSYE-3Nc
Vodafone,https://media.licdn.com/dms/image/v2/C560BAQGAjVTnzEmlYQ/company-logo_100_100/company-logo_100_100/0/1630668724567/vodafone_logo?e=1737590400&v=beta&t=OqP3W3eDpjn5XIw_TWA7TGl7Owzm_ACmuLHuSNkJmmE
The Atlantic,https://media.licdn.com/dms/image/v2/C4D0BAQFSSmi3d-LWuQ/company-logo_100_100/company-logo_100_100/0/1630538713637/the_atlantic_logo?e=1737590400&v=beta&t=S5oSkJ1SfHXwC_mzqAXKbT3OsaOFlgE_KaOv8TE4tmA
Amazon,https://media.licdn.com/dms/image/v2/C560BAQHTvZwCx4p2Qg/company-logo_100_100/company-logo_100_100/0/1630640869849/amazon_logo?e=1737590400&v=beta&t=SDAznfKWVbhZwKEb02_jfXp6TvJZZUaal5_he4EyUfQ
Microsoft,https://media.licdn.com/dms/image/v2/C560BAQE88xCsONDULQ/company-logo_100_100/company-logo_100_100/0/1630652622688/microsoft_logo?e=1737590400&v=beta&t=a5BfYMPshbXnoxiHk30Wl0sC4qhcQk7-W9RQlCJo1ug
Google,https://media.licdn.com/dms/image/v2/C4D0BAQHiNSL4Or29cg/company-logo_100_100/company-logo_100_100/0/1631311446380?e=1737590400&v=beta&t=ngvPgSJ8bXSNCHJI7yPJ1lPy-6xzgaRZd-iSaeVP61s
LinkedIn,https://media.licdn.com/dms/image/v2/C560BAQHaVYd13rRz3A/company-logo_100_100/company-logo_100_100/0/1638831590218/linkedin_logo?e=1737590400&v=beta&t=aiR6j_5ng7JJ6AAVvEy0nLUniaCQbB0LyIq0Vnp02e4
Palantir Technologies,https://media.licdn.com/dms/image/v2/C4D0BAQGxa0XGCRty6A/company-logo_100_100/company-logo_100_100/0/1644957302590/palantir_technologies_logo?e=1737590400&v=beta&t=846BhpUbD7f4qJf9Fbll8yZcfBmjX1rLt4NK0oSHdSc
LinkedIn Guide to Networking,https://media.licdn.com/dms/image/v2/C560BAQGoCnyxrg-bww/company-logo_100_100/company-logo_100_100/0/1630563741668/linkedin_member_guide_logo?e=1737590400&v=beta&t=gkwYZqGVxLdFw9SxD1OOxtBV62AP0KEylCGfaM4qZq4
Cisco,https://media.licdn.com/dms/image/v2/D560BAQEtoQW10RlJSw/company-logo_100_100/company-logo_100_100/0/1728669425037/cisco_logo?e=1737590400&v=beta&t=Rbm96r0dttZb39_fXbdIdNXsljJyHE4--2jMXHny5SQ
Meta,https://media.licdn.com/dms/image/v2/C4E0BAQFdNatYGiBelg/company-logo_100_100/company-logo_100_100/0/1636138754252/facebook_logo?e=1737590400&v=beta&t=JoCOJ7Sb8EegWKbe1QRqwKAGGJkLXxWIe_bf3ah-jjQ
Benchling,https://media.licdn.com/dms/image/v2/D4E0BAQFcT6OK7GJc0g/company-logo_100_100/company-logo_100_100/0/1720450553928/benchling_logo?e=1737590400&v=beta&t=ZRabYJ272gxj8PGkl08FUS2CvL-0N0oVn4VKZw4fz7U
Salesforce,https://media.licdn.com/dms/image/v2/C560BAQHZ9xYomLW7zg/company-logo_100_100/company-logo_100_100/0/1630658255326/salesforce_logo?e=1737590400&v=beta&t=01TkuK5IjPJ9c3NS6_Y-SxNWwj0-neN51KuDpDFM1Bg
Adobe,https://media.licdn.com/dms/image/v2/C560BAQFrtK-ioO1rsQ/company-logo_100_100/company-logo_100_100/0/1630645864762/adobe_logo?e=1737590400&v=beta&t=kOOi444U_vVpSMuNielA1WvQw2Rp6pDjkzN_5FLmtIQ
GitHub,https://media.licdn.com/dms/image/v2/C560BAQFmuLSyL1nlPA/company-logo_100_100/company-logo_100_100/0/1678231359044/github_logo?e=1737590400&v=beta&t=XigG5Bta5zdazelO-vONDjS9JU7OgksZEd2bAO1evNU
Upwork,https://media.licdn.com/dms/image/v2/D560BAQFHVb6ZSCipCw/company-logo_100_100/company-logo_100_100/0/1727104517379/upwork_logo?e=1737590400&v=beta&t=Qy3wzWMu1ErYtxyhZkEgdMe_f1YMUdPGRe_GywYbXHk
Google Cloud,https://media.licdn.com/dms/image/v2/C560BAQFIFLR7jxm2lg/company-logo_100_100/company-logo_100_100/0/1630644546845/google_cloud_logo?e=1737590400&v=beta&t=BMOxAJ3v0DLPRwbGjftw3kKCi8l0q96fGw2abWW7QuA
Fiverr,https://media.licdn.com/dms/image/v2/C4D0BAQFHz9agyy675A/company-logo_100_100/company-logo_100_100/0/1635337455615/fiverr_com_logo?e=1737590400&v=beta&t=AFjICUJOw4Vx4AYJvSS-8CSVIZYlxsHBqrW31RlnkhM
Entrepreneur Media,https://media.licdn.com/dms/image/v2/D4E0BAQE4UgAD7r0UpA/company-logo_100_100/company-logo_100_100/0/1705612322595/entrepreneur_media_logo?e=1737590400&v=beta&t=3jmqjXXTNBOwsBR0mWi92Cr785RxwKpeM_U-7X0_L4A
SAP,https://media.licdn.com/dms/image/v2/D560BAQGmwwo0aq4jVA/company-logo_100_100/company-logo_100_100/0/1723034255614/sap_logo?e=1737590400&v=beta&t=Wy7vNLHcq3-OrxhaOwqFwfd3hpYER-SXHTV5-3Qjxnk
Red Hat,https://media.licdn.com/dms/image/v2/C4E0BAQEto-TydTTIfQ/company-logo_100_100/company-logo_100_100/0/1630583759577/red_hat_logo?e=1737590400&v=beta&t=gH80mLrcLULidBgJKXYPG5IuVUr7jvYWyHEdMg-q3-A
Workday,https://media.licdn.com/dms/image/v2/D560BAQEjMT_oDmDKgA/company-logo_100_100/company-logo_100_100/0/1719869088457?e=1737590400&v=beta&t=McDqcPLM7uMkxYZrrBOC9yHrAH8BKBx9pQ5f6tsiwGI
ServiceNow,https://media.licdn.com/dms/image/v2/C560BAQEuzVBzTq8wqA/company-logo_100_100/company-logo_100_100/0/1642492124118/servicenow_logo?e=1737590400&v=beta&t=aT6CZL5TU65xRtWujICe_NW9xDpfJlXfFBYFP5JZHog
Nielsen,https://media.licdn.com/dms/image/v2/C4E0BAQFKa_ObftR_8w/company-logo_100_100/company-logo_100_100/0/1634555714141/nielsen_logo?e=1737590400&v=beta&t=ZINR-EtXKO6P8DIRSFjc5AhXFUi1GhPR1LFf1wBv1nE
Airbnb,https://media.licdn.com/dms/image/v2/C560BAQFhfl32crIGIw/company-logo_100_100/company-logo_100_100/0/1630637496980/airbnb_logo?e=1737590400&v=beta&t=e2mOdM3thYTT-SokDJplXoOu8RuvDMXBnUm0aWe5wYI
DeepLearning.AI,https://media.licdn.com/dms/image/v2/C560BAQEHKffoI8RwIQ/company-logo_100_100/company-logo_100_100/0/1630672537710/deeplearningai_logo?e=1737590400&v=beta&t=eJaL3NyULfOZYA6w5I0tTG3kmfuOf75fUOJzL7vyE6k
Tableau,https://media.licdn.com/dms/image/v2/C560BAQGbNutqXFCq8g/company-logo_100_100/company-logo_100_100/0/1630636446931/tableau_software_logo?e=1737590400&v=beta&t=c0Joz6HdXxMAtjZFAghXv0AziJXCRjAJkKhEaH_KTMA
Freshworks,https://media.licdn.com/dms/image/v2/D560BAQE91pHKG3yvnw/company-logo_100_100/company-logo_100_100/0/1666790263596/freshworks_inc_logo?e=1737590400&v=beta&t=0SHqeLu2hSODc52rYThrbZUEF-FJR03GIew0eDeZAxI
Autodesk,https://media.licdn.com/dms/image/v2/D560BAQGrSi2UOCdL5g/company-logo_100_100/company-logo_100_100/0/1719952472030/autodesk_logo?e=1737590400&v=beta&t=4YHleqtRf9O27aIp_koQkhygUsbRntEDeZPBCw299wQ
Vagas.com,https://media.licdn.com/dms/image/v2/C4E0BAQGvde_0zzKx0g/company-logo_100_100/company-logo_100_100/0/1649679728990/vagascom_logo?e=1737590400&v=beta&t=9fzVAb58GMod1_4vNDDlgr0EAwW9LlpsihNxLP7hH_Q
Infor,https://media.licdn.com/dms/image/v2/D4D0BAQG79ZGnAM8hCQ/company-logo_100_100/company-logo_100_100/0/1709916374060/infor_logo?e=1737590400&v=beta&t=5u6u_RjHOTmzwV0n0biFOd_iJS9AkPxyVICXEBkKMiQ
Databricks,https://media.licdn.com/dms/image/v2/D560BAQFPIRKiPVETuw/company-logo_100_100/company-logo_100_100/0/1697215766274?e=1737590400&v=beta&t=3PinJHlemr-cNJ997FqY0akQQcmUxwyN9CV-rMhUkr8
Epic,https://media.licdn.com/dms/image/v2/C4D0BAQH6HS4jtIcQ4w/company-logo_100_100/company-logo_100_100/0/1631348441877?e=1737590400&v=beta&t=mKbygxi8nUv6yucJyzxE1TtJshwm6yF3jgPuDmY4qlg
Adobe Creative Cloud,https://media.licdn.com/dms/image/v2/C560BAQFBu0IfT0rUQA/company-logo_100_100/company-logo_100_100/0/1635815018526/adobe_creative_cloud_logo?e=1737590400&v=beta&t=FMtzNidgLjJDjxfgyn5kzhNGgBO_WaAye0wtljMTGHQ
VMware,https://media.licdn.com/dms/image/v2/D560BAQEzpbXCUplXJw/company-logo_100_100/company-logo_100_100/0/1716485708320/vmware_logo?e=1737590400&v=beta&t=GpZlnem8gfX3GneePSf0w488LolPNEj90DyvXOhMujo
NetApp,https://media.licdn.com/dms/image/v2/D4E0BAQGlpQtsuRCeNg/company-logo_100_100/company-logo_100_100/0/1698109057060/netapp_logo?e=1737590400&v=beta&t=ZeOa98-4fKBjIapYn2DMk9TDeWczyAOjFKUsGYwj2rs
Unity,https://media.licdn.com/dms/image/v2/D4D0BAQFoRUR2DxPJiw/company-logo_100_100/company-logo_100_100/0/1682010178745/unity_logo?e=1737590400&v=beta&t=K_NhjiXr2VN53HRi3kiirl78COjssA77tTEHJlI4ADU
LinkedIn Guide to Creating,https://media.licdn.com/dms/image/v2/D560BAQHxwcJuB2s5Ew/company-logo_100_100/company-logo_100_100/0/1704331328152/linkedin_guide_to_creating_logo?e=1737590400&v=beta&t=8-OfJYv7egwTLR4c9RCIhZwdvyYAaNUGsKFs-26wdFE
Notion,https://media.licdn.com/dms/image/v2/D560BAQFjFIUcTilH4w/company-logo_100_100/company-logo_100_100/0/1708112694181/notionhq_logo?e=1737590400&v=beta&t=h-D7EMqg0rB63k_lnIglSywklVhsOrIfJaVeNBMfxsw
HackerRank,https://media.licdn.com/dms/image/v2/D560BAQE8MivsmbT7Ig/company-logo_100_100/company-logo_100_100/0/1705561459405/hackerrank_logo?e=1737590400&v=beta&t=UwpI8v1vps_vQUnZq4lbCAHRj0eUE5G2qehluwESsrQ
Twitter,https://media.licdn.com/dms/image/v2/D560BAQEJZABhJ-eE0g/company-logo_100_100/company-logo_100_100/0/1690242317195/twitter_logo?e=1737590400&v=beta&t=A9uLyoAKkBDvrfJAaVT0_JmInQcK_SWvxPQBe8f1SVI
Square,https://media.licdn.com/dms/image/v2/C4E0BAQHikN6EXPd23Q/company-logo_100_100/company-logo_100_100/0/1630646872203/joinsquare_logo?e=1737590400&v=beta&t=98jLpHcH7tNnIqfE6uKeP1aTa5LkdKEV2JzvqkoVlD4
PayPal,https://media.licdn.com/dms/image/v2/D560BAQGlX0cKdGRk-w/company-logo_100_100/company-logo_100_100/0/1725506319701?e=1737590400&v=beta&t=8Drk8LCNcdyC9dz7SPoXFqs3OUJAE2CFFb4KUWH7GZQ
Microsoft Cloud,https://media.licdn.com/dms/image/v2/C4E0BAQHdEMUMPxcjxQ/company-logo_100_100/company-logo_100_100/0/1630611610524/microsoft_cloud_platform_logo?e=1737590400&v=beta&t=OTebf-TN9R8dFQVqWsyi--AZGLPZ0tXOZTjMzGGehXk
Bosch,https://media.licdn.com/dms/image/v2/D4E0BAQFZSc1rOABvMw/company-logo_100_100/company-logo_100_100/0/1722849161753/bosch_logo?e=1737590400&v=beta&t=WITkb5aF2jtWOlce_TZZQw9cN0jxHb0SN8bZkpqE-4g
Stack Overflow,https://media.licdn.com/dms/image/v2/C4E0BAQEooBvMO2kBVg/company-logo_100_100/company-logo_100_100/0/1631311071955?e=1737590400&v=beta&t=HvbShWj8U_KXzqDEmgg4UBU-enEAVXpGmRKLQ2Mvrqw
HubSpot,https://media.licdn.com/dms/image/v2/C4D0BAQF8H-SLmMDZlA/company-logo_100_100/company-logo_100_100/0/1646683330132/hubspot_logo?e=1737590400&v=beta&t=abxs7aX44SL9n8E-0lcsPvcB6dgO_GJEtL8MwTaBCEQ
Motive,https://media.licdn.com/dms/image/v2/D4E0BAQGY1ae4j75Jkg/company-logo_100_100/company-logo_100_100/0/1688392110371/motive_inc_logo?e=1737590400&v=beta&t=SlV6e1j_s34wwPuYljfg2HgHOKAiSEZer5ATcM0TMlg
DoorDash,https://media.licdn.com/dms/image/v2/C560BAQFif47AalnTdA/company-logo_100_100/company-logo_100_100/0/1630668066078/doordash_logo?e=1737590400&v=beta&t=6nhe849ray6WUjscb_hnkwVFZ961aUyS6O1VTkPKps0
LinkedIn for Sales,https://media.licdn.com/dms/image/v2/D4E0BAQFkiMXPKAXo0Q/company-logo_100_100/company-logo_100_100/0/1719404287274/linkedin_social_selling_logo?e=1737590400&v=beta&t=WLI4wX1wpqXwBdoxoMtNdBSL3ScfuFNbLBYPeyZMQ-A
Dropbox,https://media.licdn.com/dms/image/v2/C560BAQHjnNsmL5L2NA/company-logo_100_100/company-logo_100_100/0/1654114493492/dropbox_logo?e=1737590400&v=beta&t=3YGxcsKEELT_WDdSH78dmYNAryKfdyydWIlBVGZ-WrA
Okta,https://media.licdn.com/dms/image/v2/C4E0BAQE0I9HrjbrEYQ/company-logo_100_100/company-logo_100_100/0/1667862034764/okta_inc__logo?e=1737590400&v=beta&t=dTXFK40kMeYef7DhVexpqD1KftfgQwBtB1d6jVKigyY
Amdocs,https://media.licdn.com/dms/image/v2/D4D0BAQHl00ZjxIp_kw/company-logo_100_100/company-logo_100_100/0/1688279976770/amdocs_logo?e=1737590400&v=beta&t=Ooi2wKzfnvEFQaKhrAVoXa7yntz93R6Np7lorKu0HhE
Asana,https://media.licdn.com/dms/image/v2/D4E0BAQEkMiCf0h2oeA/company-logo_100_100/company-logo_100_100/0/1711542643480/asana_logo?e=1737590400&v=beta&t=Gkon2ClzcpfCg4FpNA2NIj1uYj5KPgqzNxKLIyYF1kI
Postman,https://media.licdn.com/dms/image/v2/C560BAQFf8sH83foEVg/company-logo_100_100/company-logo_100_100/0/1654794308958/postman_platform_logo?e=1737590400&v=beta&t=bwfJOZOC8Gmb8okdUbPMGwk_nVcXIVeGTNKHWTjA01k
Elastic,https://media.licdn.com/dms/image/v2/D560BAQFcGg7KRaS8Uw/company-logo_100_100/company-logo_100_100/0/1690905620357/elastic_co_logo?e=1737590400&v=beta&t=X6Qj7WxAKSRMkbseVok-jVV1DkXKt7fFkgIPSfwuRxg
Workling,https://media.licdn.com/dms/image/v2/C560BAQEznWRrO24Vzw/company-logo_100_100/company-logo_100_100/0/1641945371362/workling_jobs_logo?e=1737590400&v=beta&t=LNObAYEjByfreLHg_-O37pPeaPM37KTgLnMeaDOBi-A
Mozilla,https://media.licdn.com/dms/image/v2/C4E0BAQGHz8JwrMTQ0A/company-logo_100_100/company-logo_100_100/0/1631301149956?e=1737590400&v=beta&t=sNdVi31tXRkcQmANxK-jCtelxL6EZn1OIGB68XcjL6o
Birdeye,https://media.licdn.com/dms/image/v2/D560BAQEYDTN4uBYcNg/company-logo_100_100/company-logo_100_100/0/1719957108088/birdeye_logo?e=1737590400&v=beta&t=54e0rSZnaTh3-NQUrP9_v4IS9Ri3wFjyf-REaQomHnM
UiPath,https://media.licdn.com/dms/image/v2/C4D0BAQF0v6S05nSsPw/company-logo_100_100/company-logo_100_100/0/1630468240441/uipath_logo?e=1737590400&v=beta&t=nYwHBhCJvllYIJKVfvLUFynAmIbX0WqCiIns3aUIl_Y
MathWorks,https://media.licdn.com/dms/image/v2/C4D0BAQFSs_qwxqsJBg/company-logo_100_100/company-logo_100_100/0/1631312468202?e=1737590400&v=beta&t=fLEm0j2dZj9ERzKjWQilC36y07vu9NtnB5SjC0FtDtA
Cadence Design Systems,https://media.licdn.com/dms/image/v2/C560BAQFORFBYBIoPHQ/company-logo_100_100/company-logo_100_100/0/1630668285973?e=1737590400&v=beta&t=LovM4aKA5pfiEDCEKtK6cXg30fY6mxkwnokZSLPlzUc
GlobalLogic,https://media.licdn.com/dms/image/v2/C560BAQHfsFr91ekzrQ/company-logo_100_100/company-logo_100_100/0/1630647080208/globallogic_logo?e=1737590400&v=beta&t=JY6IKxdge3NbOvwItRvPcJDROYmZ3Ov7Gs37u8c-dz8
Facebook,https://media.licdn.com/dms/image/v2/C4E0BAQHi-wrXiQcbxw/company-logo_100_100/company-logo_100_100/0/1635988509331/facebook__logo?e=1737590400&v=beta&t=Kgw5os0YgsftFXwOAxsft8I07P0TZYRPl9XvsFINJgk
Pinterest,https://media.licdn.com/dms/image/v2/D4E0BAQFiwsk1pTWN1g/company-logo_100_100/company-logo_100_100/0/1713892956828/pinterest_logo?e=1737590400&v=beta&t=qUHyH8j7g4MoDpl0JT_VWFO4mYsGeDqOXx4KgLsjrcE
Snowflake,https://media.licdn.com/dms/image/v2/D560BAQF3mYS3WqCB3g/company-logo_100_100/company-logo_100_100/0/1688575708630/snowflake_computing_logo?e=1737590400&v=beta&t=BnZIYlWz-DjtQWlGpKADXF3Vr1VWFbZhraGVert5cuc
NICE,https://media.licdn.com/dms/image/v2/D4D0BAQFF50nIM3iIOA/company-logo_100_100/company-logo_100_100/0/1688279748841/nice_systems_logo?e=1737590400&v=beta&t=zb_aSBgmS7pPFBFNzWg1lZSMQaLMQthci7nAoq9sOq0
Siemens Digital Industries Software,https://media.licdn.com/dms/image/v2/D4E0BAQFTiUh1DUJ3fA/company-logo_100_100/company-logo_100_100/0/1719793387652/siemenssoftware_logo?e=1737590400&v=beta&t=DKjEH5f0lmkMfpVR6VWMQHLiFyo5a0UaqFGCDqztO88
SAS,https://media.licdn.com/dms/image/v2/D4E0BAQFhSD86O7AkYA/company-logo_100_100/company-logo_100_100/0/1720039737493/sas_logo?e=1737590400&v=beta&t=tynR2lNT7czkW6NM4_2ouMuB6QfJ_acahXhuHSVAAps
Dynatrace,https://media.licdn.com/dms/image/v2/D4E0BAQEXe5JlggGfqQ/company-logo_100_100/company-logo_100_100/0/1688565737458/dynatrace_logo?e=1737590400&v=beta&t=an0viV_HXroRk-tcXObZ1Ari8xDcIlwetUOlN6LAZ9o
OneTrust,https://media.licdn.com/dms/image/v2/D560BAQH2azTI7cMzIg/company-logo_100_100/company-logo_100_100/0/1665577396653/onetrust_logo?e=1737590400&v=beta&t=FIOwetDay5hmIcoajrFZGAbXjB3NR77tso0cth7oQ_Q
Intuit,https://media.licdn.com/dms/image/v2/C560BAQFTpF8uneqScw/company-logo_100_100/company-logo_100_100/0/1661446146222/intuit_logo?e=1737590400&v=beta&t=9BwuuQ7ZZTRm3sTRjQPeGwK9l471CS8FblgJjlHfZg0
Informatica,https://media.licdn.com/dms/image/v2/C560BAQEV9kECiZwXrg/company-logo_100_100/company-logo_100_100/0/1656645409373/informatica_logo?e=1737590400&v=beta&t=gfobukdNvTOY1hJ-0BTk5-t0RW3XL8Cx1pJaMT2h_Q4
Roku,https://media.licdn.com/dms/image/v2/C4E0BAQFszbfv9KLr4w/company-logo_100_100/company-logo_100_100/0/1630579540554/roku_logo?e=1737590400&v=beta&t=mq5B0Oa_05C3X1QCnxPT1Plm0Yo8SxSocs9eu1JuzOI
Alteryx,https://media.licdn.com/dms/image/v2/D4E0BAQE7ra8fMuTwfw/company-logo_100_100/company-logo_100_100/0/1720188552375/alteryx_logo?e=1737590400&v=beta&t=0XuyNA_iRtv-cg6GV8tsSeC1EiIcneyjtAPf6MUx6RA
Cohesity,https://media.licdn.com/dms/image/v2/D4D0BAQH5ag5qIy1jDA/company-logo_100_100/company-logo_100_100/0/1719845372253/cohesity_logo?e=1737590400&v=beta&t=mrmWj1u6S9IrOo-hMg_r-iEFVPBKEX1t4RVGomHs5Wk
MongoDB,https://media.licdn.com/dms/image/v2/C4D0BAQFKe8PwqzyHyA/company-logo_100_100/company-logo_100_100/0/1635171226992/mongodbinc_logo?e=1737590400&v=beta&t=AePuLySHl65vuCgjfA7bUA-JL9GSk2Tt_C1MsOBW0pE
Juniper Networks,https://media.licdn.com/dms/image/v2/D560BAQHs1l2oz4krEw/company-logo_100_100/company-logo_100_100/0/1686866548188/juniper_networks_logo?e=1737590400&v=beta&t=Ie4RI20CsQtLmsuQRTg068o05HRB72u5mT6_-LO42qY
Expedia Group,https://media.licdn.com/dms/image/v2/C560BAQGCJ4PG0WVumA/company-logo_100_100/company-logo_100_100/0/1630646301487/expedia_logo?e=1737590400&v=beta&t=pLqjoFeo8kepSe9xhkNhZ56MKGnC_jGgPVI9dfBNWII
Genesys,https://media.licdn.com/dms/image/v2/D4E0BAQFsCw5GbbmrNg/company-logo_100_100/company-logo_100_100/0/1729083718933/genesys_logo?e=1737590400&v=beta&t=00A3ywgf48fIq-4aGxRIs6W9KP2zLDVMTzfBZjvV0uM
Yahoo,https://media.licdn.com/dms/image/v2/D4E0BAQE8SlwfLWJuDg/company-logo_100_100/company-logo_100_100/0/1663278242829/yahoo_logo?e=1737590400&v=beta&t=JwdS9HHHXbQxI0L1UB5z04eLU-GA9pGNaJqHYczTPoc
Gong,https://media.licdn.com/dms/image/v2/D560BAQEginaUF2_5cg/company-logo_100_100/company-logo_100_100/0/1689291197848/gong_io_logo?e=1737590400&v=beta&t=ECxEO9PmvXiGClGCQZx2r3i2vZohyWfskLhkPzAKB5o
Yext,https://media.licdn.com/dms/image/v2/D4D0BAQF1_JfgwEpWrA/company-logo_100_100/company-logo_100_100/0/1709565326515/yext_logo?e=1737590400&v=beta&t=cGxwG-dtmcFMdO8nLTDmoPPfXe8ao63Vs98EVXfyhk4
Riot Games,https://media.licdn.com/dms/image/v2/D560BAQGJCu2U_L9CNQ/company-logo_100_100/company-logo_100_100/0/1725898995592/riot_games_logo?e=1737590400&v=beta&t=ELX5ZygzBHiqP6esYuexDfc0X2qfts3JsUVNpJMhJb4
HashiCorp,https://media.licdn.com/dms/image/v2/D560BAQE7rhUPFCEgbA/company-logo_100_100/company-logo_100_100/0/1720028923991/hashicorp_logo?e=1737590400&v=beta&t=u5U6wgdByCta1XVMl_4ziQZgaxb4URKgN0PJ7mh2VKk
Bottomline,https://media.licdn.com/dms/image/v2/D4E0BAQGpSaUNudezQQ/company-logo_100_100/company-logo_100_100/0/1713538040579/bottomline_payments_logo?e=1737590400&v=beta&t=Cht6SxRaZz2AEbNkWJuRCTGJFfhqx1tpQu3SuYwQJmE
Synopsys Inc,https://media.licdn.com/dms/image/v2/C4E0BAQEq7MVORIs3MA/company-logo_100_100/company-logo_100_100/0/1631306256041?e=1737590400&v=beta&t=5l85RAJCyo76GXN182Oh04AAPNaRSEfIRV0tT-SOlEA
Celonis,https://media.licdn.com/dms/image/v2/D4E0BAQGKzUXn11MiNA/company-logo_100_100/company-logo_100_100/0/1719845185864/celonis_logo?e=1737590400&v=beta&t=z_KcMW_1nWsT14IdNz8kYDxxP3ZtFYDjVQ99GIJB_5U
Stealth,https://media.licdn.com/dms/image/v2/D4D0BAQHGEIyhghfgwQ/company-logo_100_100/company-logo_100_100/0/1689624249740/warmstealth_logo?e=1737590400&v=beta&t=89tFao6weXnlUWLxiqhFEaccFevvCBzc0l-ek8GMfbU
Splunk,https://media.licdn.com/dms/image/v2/D560BAQG3Wa6p8rWX6Q/company-logo_100_100/company-logo_100_100/0/1721329465887/splunk_logo?e=1737590400&v=beta&t=DKf6JFOV8x8P7OxF-Mjn3FYFgqqxUm1VZLfXXxySd3E
Dice,https://media.licdn.com/dms/image/v2/C560BAQEYK67Tel_mng/company-logo_100_100/company-logo_100_100/0/1630655500596/dice_logo?e=1737590400&v=beta&t=ASWADQb8NSvqwIGTMJIihikyz3NkMFgejim7qrnJx8w
Hugging Face,https://media.licdn.com/dms/image/v2/C4D0BAQFzIxlpQ0lAdA/company-logo_100_100/company-logo_100_100/0/1630556211624/huggingface_logo?e=1737590400&v=beta&t=SVhl2B9sNml1s2PsT0i494uqf4kAfpGKvs-6r6WyIQM
Myntra,https://media.licdn.com/dms/image/v2/D560BAQHlxcq3wbl2IA/company-logo_100_100/company-logo_100_100/0/1719917177970/myntra_logo?e=1737590400&v=beta&t=uB9uh1Se-Ax3UAKL3zH3RTsb0ULqJyzEvI55Ld-UaHE
LivePerson,https://media.licdn.com/dms/image/v2/D560BAQEIFP_bGH2V3A/company-logo_100_100/company-logo_100_100/0/1728073625711/liveperson_logo?e=1737590400&v=beta&t=B9TGRRHGrywYzUAGXVyXPUjC2EYElPc7TYiWdUGblhQ
Rippling,https://media.licdn.com/dms/image/v2/C560BAQGTg3igNET25Q/company-logo_100_100/company-logo_100_100/0/1654722845874/rippling_logo?e=1737590400&v=beta&t=wjLtMh8YKxM4LNTPojVH0csi_vyQ6LFMNj_IK9wIEgM
Lotus Interworks,https://media.licdn.com/dms/image/v2/D4E0BAQFTMld3Jcaw2A/company-logo_100_100/company-logo_100_100/0/1681373340492/lotus_interworks_logo?e=1737590400&v=beta&t=AHirxpDqtzDIuyo4IRA3Yo8V2l0NMw23FB9EI5x-_uQ
Zoho,https://media.licdn.com/dms/image/v2/D560BAQEZkAuyZ_Jpyg/company-logo_100_100/company-logo_100_100/0/1704168937972/zoho_logo?e=1737590400&v=beta&t=0SA82rg4pCnoaY5J1f_8B48tun1OkubYgHZI29KEZIc
Thomson Reuters,https://media.licdn.com/dms/image/v2/D560BAQHtf0NHyUa92g/company-logo_100_100/company-logo_100_100/0/1719933220460/thomson_reuters_logo?e=1737590400&v=beta&t=dR7rcVpYWdQAC_mKVtl4rJlxICjOH-f7mriVqXxD4DE
Atlassian,https://media.licdn.com/dms/image/v2/D560BAQHiRLz23b2ZlA/company-logo_100_100/company-logo_100_100/0/1725661280883/atlassian_logo?e=1737590400&v=beta&t=FI8m1cHyijQAKIS1YMnlYjKX33TOFr62U5wb4i9aXZU
Centific,https://media.licdn.com/dms/image/v2/D560BAQFdT7c16GPvnw/company-logo_100_100/company-logo_100_100/0/1729289097125/centificglobal_logo?e=1737590400&v=beta&t=ZK5yMYjEFdbpEy4EaWZR5CG4DV5ky5OPZIgflpj0mhU
Dayforce,https://media.licdn.com/dms/image/v2/D560BAQHdtu-vtlu2zg/company-logo_100_100/company-logo_100_100/0/1719832193524/dayforce_logo?e=1737590400&v=beta&t=I5_QAiSTUKk-UwzQuXfAHtjFKgycGX8XRik9egsbViU
Toast,https://media.licdn.com/dms/image/v2/D560BAQH5FXrKGywWBQ/company-logo_100_100/company-logo_100_100/0/1701821183031/toast_inc_logo?e=1737590400&v=beta&t=SMJ3kV0kZxS8tNMlmIJWY827W8W1iJXuvtRPBQZWppw
"Docker, Inc",https://media.licdn.com/dms/image/v2/D4E0BAQFWt4Tl53wjZQ/company-logo_100_100/company-logo_100_100/0/1705960989383/docker_logo?e=1737590400&v=beta&t=KOxO2cGO9xWrgHas9llr1vsBSHvRAZKp4yKPfzjXy6k
G-P,https://media.licdn.com/dms/image/v2/D4E0BAQEXKV5ezen3jw/company-logo_100_100/company-logo_100_100/0/1688163288459/g_p_logo?e=1737590400&v=beta&t=3BsldjEtF2RpVyuRKnxsLCUyVj7bAnzos1nBLaY1pD4
Trust Wallet,https://media.licdn.com/dms/image/v2/D560BAQFMzZp7gW8MHQ/company-logo_100_100/company-logo_100_100/0/1697458381152/trustwallet_logo?e=1737590400&v=beta&t=wAxGV0icEcETTUVzJksD2IDIfF_neMORKX1RoVkQxYI
Emerson's Automation Technologies & Solutions,https://media.licdn.com/dms/image/v2/C4D0BAQHucve286fmsA/company-logo_100_100/company-logo_100_100/0/1656660599683/emerson_automation_solutions_logo?e=1737590400&v=beta&t=oY9lgFDpUWAXlavg3SsQsrYTG6cdd_nb9bCnFs3X9-U
Duolingo,https://media.licdn.com/dms/image/v2/C560BAQHd72JkEVaFHw/company-logo_100_100/company-logo_100_100/0/1657189020256?e=1737590400&v=beta&t=9kZ-5DMjRRl0y5qv0H9MJBnSWFsEpmZWVIx-xAC0p2A
Talentify.io,https://media.licdn.com/dms/image/v2/D4D0BAQHJwuYAtzKioA/company-logo_100_100/company-logo_100_100/0/1693245785446/talentify_io_logo?e=1737590400&v=beta&t=RZG-0uMOI5AULw0QEJG6RqDk_BNRtR7sx8BuH81b7K0
Bumble Inc.,https://media.licdn.com/dms/image/v2/D4E0BAQH9tvG74df--A/company-logo_100_100/company-logo_100_100/0/1684935525605/bumbleinc_logo?e=1737590400&v=beta&t=oLnaQb2CzQWihoylEseaeadOD7bAON-EnX-ajNS_FXU
Redis,https://media.licdn.com/dms/image/v2/D560BAQEAemwUFIpC7Q/company-logo_100_100/company-logo_100_100/0/1712604405723/redisinc_logo?e=1737590400&v=beta&t=aEUd7o_QENB3CFWwZz33vLrYupQSUkReskjQFrTFnmU
iFood,https://media.licdn.com/dms/image/v2/C510BAQFupNOyDYF1sg/company-logo_100_100/company-logo_100_100/0/1631315877254?e=1737590400&v=beta&t=Cp5SnfPgJ7xBkbE8CttCEt7sHPG-T7Uk_S-Hrqq6RUQ
Grammarly,https://media.licdn.com/dms/image/v2/D4E0BAQEu4fyiqu4_vw/company-logo_100_100/company-logo_100_100/0/1706796117685/grammarly_logo?e=1737590400&v=beta&t=OyMyyYOkZWmzqTOlM159e36A3n8EJqJk4Oxk2iI2W00
Canva,https://media.licdn.com/dms/image/v2/C4D0BAQGO1uzGzmVB-A/company-logo_100_100/company-logo_100_100/0/1656630679668/canva_logo?e=1737590400&v=beta&t=1FuFsrxpXuP5yqxM4FCZLWZDZyLaU48KCjSaafQkK6U
